state_name,state_code,value_percent,display_value,rse_percent,indicator,indicator_zh,population,experience_window,survey_release,source,source_url
New South Wales,NSW,36.7,36.7%,3.8,Total violence since age 15,自15岁以来经历总体暴力,Women aged 18 years and over,Since age 15,ABS PSS 2021–22 (released 15 Mar 2023),"Australian Bureau of Statistics, Personal Safety Survey 2021–22, Table 9.3; RSE Table 9.4",https://www.abs.gov.au/statistics/people/crime-and-justice/personal-safety-australia/latest-release
Victoria,VIC,38.6,38.6%,3.4,Total violence since age 15,自15岁以来经历总体暴力,Women aged 18 years and over,Since age 15,ABS PSS 2021–22 (released 15 Mar 2023),"Australian Bureau of Statistics, Personal Safety Survey 2021–22, Table 9.3; RSE Table 9.4",https://www.abs.gov.au/statistics/people/crime-and-justice/personal-safety-australia/latest-release
Queensland,QLD,41.6,41.6%,3.6,Total violence since age 15,自15岁以来经历总体暴力,Women aged 18 years and over,Since age 15,ABS PSS 2021–22 (released 15 Mar 2023),"Australian Bureau of Statistics, Personal Safety Survey 2021–22, Table 9.3; RSE Table 9.4",https://www.abs.gov.au/statistics/people/crime-and-justice/personal-safety-australia/latest-release
South Australia,SA,39.4,39.4%,3.7,Total violence since age 15,自15岁以来经历总体暴力,Women aged 18 years and over,Since age 15,ABS PSS 2021–22 (released 15 Mar 2023),"Australian Bureau of Statistics, Personal Safety Survey 2021–22, Table 9.3; RSE Table 9.4",https://www.abs.gov.au/statistics/people/crime-and-justice/personal-safety-australia/latest-release
Western Australia,WA,42.0,42.0%,4.0,Total violence since age 15,自15岁以来经历总体暴力,Women aged 18 years and over,Since age 15,ABS PSS 2021–22 (released 15 Mar 2023),"Australian Bureau of Statistics, Personal Safety Survey 2021–22, Table 9.3; RSE Table 9.4",https://www.abs.gov.au/statistics/people/crime-and-justice/personal-safety-australia/latest-release
Tasmania,TAS,42.6,42.6%,3.6,Total violence since age 15,自15岁以来经历总体暴力,Women aged 18 years and over,Since age 15,ABS PSS 2021–22 (released 15 Mar 2023),"Australian Bureau of Statistics, Personal Safety Survey 2021–22, Table 9.3; RSE Table 9.4",https://www.abs.gov.au/statistics/people/crime-and-justice/personal-safety-australia/latest-release
Northern Territory,NT,45.6,45.6%,5.4,Total violence since age 15,自15岁以来经历总体暴力,Women aged 18 years and over,Since age 15,ABS PSS 2021–22 (released 15 Mar 2023),"Australian Bureau of Statistics, Personal Safety Survey 2021–22, Table 9.3; RSE Table 9.4",https://www.abs.gov.au/statistics/people/crime-and-justice/personal-safety-australia/latest-release
Australian Capital Territory,ACT,41.9,41.9%,4.7,Total violence since age 15,自15岁以来经历总体暴力,Women aged 18 years and over,Since age 15,ABS PSS 2021–22 (released 15 Mar 2023),"Australian Bureau of Statistics, Personal Safety Survey 2021–22, Table 9.3; RSE Table 9.4",https://www.abs.gov.au/statistics/people/crime-and-justice/personal-safety-australia/latest-release
New South Wales,NSW,29.1,29.1%,4.6,Physical violence since age 15,自15岁以来经历身体暴力,Women aged 18 years and over,Since age 15,ABS PSS 2021–22 (released 15 Mar 2023),"Australian Bureau of Statistics, Personal Safety Survey 2021–22, Table 9.3; RSE Table 9.4",https://www.abs.gov.au/statistics/people/crime-and-justice/personal-safety-australia/latest-release
Victoria,VIC,29.4,29.4%,4.4,Physical violence since age 15,自15岁以来经历身体暴力,Women aged 18 years and over,Since age 15,ABS PSS 2021–22 (released 15 Mar 2023),"Australian Bureau of Statistics, Personal Safety Survey 2021–22, Table 9.3; RSE Table 9.4",https://www.abs.gov.au/statistics/people/crime-and-justice/personal-safety-australia/latest-release
Queensland,QLD,33.6,33.6%,4.4,Physical violence since age 15,自15岁以来经历身体暴力,Women aged 18 years and over,Since age 15,ABS PSS 2021–22 (released 15 Mar 2023),"Australian Bureau of Statistics, Personal Safety Survey 2021–22, Table 9.3; RSE Table 9.4",https://www.abs.gov.au/statistics/people/crime-and-justice/personal-safety-australia/latest-release
South Australia,SA,31.0,31.0%,4.0,Physical violence since age 15,自15岁以来经历身体暴力,Women aged 18 years and over,Since age 15,ABS PSS 2021–22 (released 15 Mar 2023),"Australian Bureau of Statistics, Personal Safety Survey 2021–22, Table 9.3; RSE Table 9.4",https://www.abs.gov.au/statistics/people/crime-and-justice/personal-safety-australia/latest-release
Western Australia,WA,33.5,33.5%,4.6,Physical violence since age 15,自15岁以来经历身体暴力,Women aged 18 years and over,Since age 15,ABS PSS 2021–22 (released 15 Mar 2023),"Australian Bureau of Statistics, Personal Safety Survey 2021–22, Table 9.3; RSE Table 9.4",https://www.abs.gov.au/statistics/people/crime-and-justice/personal-safety-australia/latest-release
Tasmania,TAS,32.7,32.7%,4.1,Physical violence since age 15,自15岁以来经历身体暴力,Women aged 18 years and over,Since age 15,ABS PSS 2021–22 (released 15 Mar 2023),"Australian Bureau of Statistics, Personal Safety Survey 2021–22, Table 9.3; RSE Table 9.4",https://www.abs.gov.au/statistics/people/crime-and-justice/personal-safety-australia/latest-release
Northern Territory,NT,37.1,37.1%,6.3,Physical violence since age 15,自15岁以来经历身体暴力,Women aged 18 years and over,Since age 15,ABS PSS 2021–22 (released 15 Mar 2023),"Australian Bureau of Statistics, Personal Safety Survey 2021–22, Table 9.3; RSE Table 9.4",https://www.abs.gov.au/statistics/people/crime-and-justice/personal-safety-australia/latest-release
Australian Capital Territory,ACT,31.2,31.2%,5.8,Physical violence since age 15,自15岁以来经历身体暴力,Women aged 18 years and over,Since age 15,ABS PSS 2021–22 (released 15 Mar 2023),"Australian Bureau of Statistics, Personal Safety Survey 2021–22, Table 9.3; RSE Table 9.4",https://www.abs.gov.au/statistics/people/crime-and-justice/personal-safety-australia/latest-release
New South Wales,NSW,20.5,20.5%,6.2,Sexual violence since age 15,自15岁以来经历性暴力,Women aged 18 years and over,Since age 15,ABS PSS 2021–22 (released 15 Mar 2023),"Australian Bureau of Statistics, Personal Safety Survey 2021–22, Table 9.3; RSE Table 9.4",https://www.abs.gov.au/statistics/people/crime-and-justice/personal-safety-australia/latest-release
Victoria,VIC,22.2,22.2%,5.4,Sexual violence since age 15,自15岁以来经历性暴力,Women aged 18 years and over,Since age 15,ABS PSS 2021–22 (released 15 Mar 2023),"Australian Bureau of Statistics, Personal Safety Survey 2021–22, Table 9.3; RSE Table 9.4",https://www.abs.gov.au/statistics/people/crime-and-justice/personal-safety-australia/latest-release
Queensland,QLD,24.0,24.0%,5.7,Sexual violence since age 15,自15岁以来经历性暴力,Women aged 18 years and over,Since age 15,ABS PSS 2021–22 (released 15 Mar 2023),"Australian Bureau of Statistics, Personal Safety Survey 2021–22, Table 9.3; RSE Table 9.4",https://www.abs.gov.au/statistics/people/crime-and-justice/personal-safety-australia/latest-release
South Australia,SA,21.4,21.4%,5.9,Sexual violence since age 15,自15岁以来经历性暴力,Women aged 18 years and over,Since age 15,ABS PSS 2021–22 (released 15 Mar 2023),"Australian Bureau of Statistics, Personal Safety Survey 2021–22, Table 9.3; RSE Table 9.4",https://www.abs.gov.au/statistics/people/crime-and-justice/personal-safety-australia/latest-release
Western Australia,WA,22.7,22.7%,5.8,Sexual violence since age 15,自15岁以来经历性暴力,Women aged 18 years and over,Since age 15,ABS PSS 2021–22 (released 15 Mar 2023),"Australian Bureau of Statistics, Personal Safety Survey 2021–22, Table 9.3; RSE Table 9.4",https://www.abs.gov.au/statistics/people/crime-and-justice/personal-safety-australia/latest-release
Tasmania,TAS,26.0,26.0%,5.5,Sexual violence since age 15,自15岁以来经历性暴力,Women aged 18 years and over,Since age 15,ABS PSS 2021–22 (released 15 Mar 2023),"Australian Bureau of Statistics, Personal Safety Survey 2021–22, Table 9.3; RSE Table 9.4",https://www.abs.gov.au/statistics/people/crime-and-justice/personal-safety-australia/latest-release
Northern Territory,NT,26.6,26.6%,7.8,Sexual violence since age 15,自15岁以来经历性暴力,Women aged 18 years and over,Since age 15,ABS PSS 2021–22 (released 15 Mar 2023),"Australian Bureau of Statistics, Personal Safety Survey 2021–22, Table 9.3; RSE Table 9.4",https://www.abs.gov.au/statistics/people/crime-and-justice/personal-safety-australia/latest-release
Australian Capital Territory,ACT,25.1,25.1%,6.3,Sexual violence since age 15,自15岁以来经历性暴力,Women aged 18 years and over,Since age 15,ABS PSS 2021–22 (released 15 Mar 2023),"Australian Bureau of Statistics, Personal Safety Survey 2021–22, Table 9.3; RSE Table 9.4",https://www.abs.gov.au/statistics/people/crime-and-justice/personal-safety-australia/latest-release
New South Wales,NSW,24.5,24.5%,5.4,Partner or family member violence since age 15,自15岁以来经历伴侣或家庭成员暴力,Women aged 18 years and over,Since age 15,ABS PSS 2021–22 (released 15 Mar 2023),"Australian Bureau of Statistics, Personal Safety Survey 2021–22, Table 9.3; RSE Table 9.4",https://www.abs.gov.au/statistics/people/crime-and-justice/personal-safety-australia/latest-release
Victoria,VIC,27.4,27.4%,4.8,Partner or family member violence since age 15,自15岁以来经历伴侣或家庭成员暴力,Women aged 18 years and over,Since age 15,ABS PSS 2021–22 (released 15 Mar 2023),"Australian Bureau of Statistics, Personal Safety Survey 2021–22, Table 9.3; RSE Table 9.4",https://www.abs.gov.au/statistics/people/crime-and-justice/personal-safety-australia/latest-release
Queensland,QLD,31.0,31.0%,4.2,Partner or family member violence since age 15,自15岁以来经历伴侣或家庭成员暴力,Women aged 18 years and over,Since age 15,ABS PSS 2021–22 (released 15 Mar 2023),"Australian Bureau of Statistics, Personal Safety Survey 2021–22, Table 9.3; RSE Table 9.4",https://www.abs.gov.au/statistics/people/crime-and-justice/personal-safety-australia/latest-release
South Australia,SA,28.0,28.0%,4.8,Partner or family member violence since age 15,自15岁以来经历伴侣或家庭成员暴力,Women aged 18 years and over,Since age 15,ABS PSS 2021–22 (released 15 Mar 2023),"Australian Bureau of Statistics, Personal Safety Survey 2021–22, Table 9.3; RSE Table 9.4",https://www.abs.gov.au/statistics/people/crime-and-justice/personal-safety-australia/latest-release
Western Australia,WA,28.5,28.5%,5.1,Partner or family member violence since age 15,自15岁以来经历伴侣或家庭成员暴力,Women aged 18 years and over,Since age 15,ABS PSS 2021–22 (released 15 Mar 2023),"Australian Bureau of Statistics, Personal Safety Survey 2021–22, Table 9.3; RSE Table 9.4",https://www.abs.gov.au/statistics/people/crime-and-justice/personal-safety-australia/latest-release
Tasmania,TAS,30.8,30.8%,4.8,Partner or family member violence since age 15,自15岁以来经历伴侣或家庭成员暴力,Women aged 18 years and over,Since age 15,ABS PSS 2021–22 (released 15 Mar 2023),"Australian Bureau of Statistics, Personal Safety Survey 2021–22, Table 9.3; RSE Table 9.4",https://www.abs.gov.au/statistics/people/crime-and-justice/personal-safety-australia/latest-release
Northern Territory,NT,32.8,32.8%,7.0,Partner or family member violence since age 15,自15岁以来经历伴侣或家庭成员暴力,Women aged 18 years and over,Since age 15,ABS PSS 2021–22 (released 15 Mar 2023),"Australian Bureau of Statistics, Personal Safety Survey 2021–22, Table 9.3; RSE Table 9.4",https://www.abs.gov.au/statistics/people/crime-and-justice/personal-safety-australia/latest-release
Australian Capital Territory,ACT,26.8,26.8%,6.0,Partner or family member violence since age 15,自15岁以来经历伴侣或家庭成员暴力,Women aged 18 years and over,Since age 15,ABS PSS 2021–22 (released 15 Mar 2023),"Australian Bureau of Statistics, Personal Safety Survey 2021–22, Table 9.3; RSE Table 9.4",https://www.abs.gov.au/statistics/people/crime-and-justice/personal-safety-australia/latest-release
New South Wales,NSW,21.0,21.0%,6.2,Intimate partner violence since age 15,自15岁以来经历亲密伴侣暴力,Women aged 18 years and over,Since age 15,ABS PSS 2021–22 (released 15 Mar 2023),"Australian Bureau of Statistics, Personal Safety Survey 2021–22, Table 9.3; RSE Table 9.4",https://www.abs.gov.au/statistics/people/crime-and-justice/personal-safety-australia/latest-release
Victoria,VIC,22.6,22.6%,5.2,Intimate partner violence since age 15,自15岁以来经历亲密伴侣暴力,Women aged 18 years and over,Since age 15,ABS PSS 2021–22 (released 15 Mar 2023),"Australian Bureau of Statistics, Personal Safety Survey 2021–22, Table 9.3; RSE Table 9.4",https://www.abs.gov.au/statistics/people/crime-and-justice/personal-safety-australia/latest-release
Queensland,QLD,26.4,26.4%,4.4,Intimate partner violence since age 15,自15岁以来经历亲密伴侣暴力,Women aged 18 years and over,Since age 15,ABS PSS 2021–22 (released 15 Mar 2023),"Australian Bureau of Statistics, Personal Safety Survey 2021–22, Table 9.3; RSE Table 9.4",https://www.abs.gov.au/statistics/people/crime-and-justice/personal-safety-australia/latest-release
South Australia,SA,24.1,24.1%,5.6,Intimate partner violence since age 15,自15岁以来经历亲密伴侣暴力,Women aged 18 years and over,Since age 15,ABS PSS 2021–22 (released 15 Mar 2023),"Australian Bureau of Statistics, Personal Safety Survey 2021–22, Table 9.3; RSE Table 9.4",https://www.abs.gov.au/statistics/people/crime-and-justice/personal-safety-australia/latest-release
Western Australia,WA,24.3,24.3%,5.6,Intimate partner violence since age 15,自15岁以来经历亲密伴侣暴力,Women aged 18 years and over,Since age 15,ABS PSS 2021–22 (released 15 Mar 2023),"Australian Bureau of Statistics, Personal Safety Survey 2021–22, Table 9.3; RSE Table 9.4",https://www.abs.gov.au/statistics/people/crime-and-justice/personal-safety-australia/latest-release
Tasmania,TAS,28.1,28.1%,4.8,Intimate partner violence since age 15,自15岁以来经历亲密伴侣暴力,Women aged 18 years and over,Since age 15,ABS PSS 2021–22 (released 15 Mar 2023),"Australian Bureau of Statistics, Personal Safety Survey 2021–22, Table 9.3; RSE Table 9.4",https://www.abs.gov.au/statistics/people/crime-and-justice/personal-safety-australia/latest-release
Northern Territory,NT,28.1,28.1%,8.0,Intimate partner violence since age 15,自15岁以来经历亲密伴侣暴力,Women aged 18 years and over,Since age 15,ABS PSS 2021–22 (released 15 Mar 2023),"Australian Bureau of Statistics, Personal Safety Survey 2021–22, Table 9.3; RSE Table 9.4",https://www.abs.gov.au/statistics/people/crime-and-justice/personal-safety-australia/latest-release
Australian Capital Territory,ACT,23.0,23.0%,6.7,Intimate partner violence since age 15,自15岁以来经历亲密伴侣暴力,Women aged 18 years and over,Since age 15,ABS PSS 2021–22 (released 15 Mar 2023),"Australian Bureau of Statistics, Personal Safety Survey 2021–22, Table 9.3; RSE Table 9.4",https://www.abs.gov.au/statistics/people/crime-and-justice/personal-safety-australia/latest-release
New South Wales,NSW,22.6,22.6%,6.0,Cohabiting partner emotional abuse since age 15,自15岁以来经历同居伴侣情感虐待,Women aged 18 years and over,Since age 15,ABS PSS 2021–22 (released 15 Mar 2023),"Australian Bureau of Statistics, Personal Safety Survey 2021–22, Table 9.3; RSE Table 9.4",https://www.abs.gov.au/statistics/people/crime-and-justice/personal-safety-australia/latest-release
Victoria,VIC,22.3,22.3%,5.2,Cohabiting partner emotional abuse since age 15,自15岁以来经历同居伴侣情感虐待,Women aged 18 years and over,Since age 15,ABS PSS 2021–22 (released 15 Mar 2023),"Australian Bureau of Statistics, Personal Safety Survey 2021–22, Table 9.3; RSE Table 9.4",https://www.abs.gov.au/statistics/people/crime-and-justice/personal-safety-australia/latest-release
Queensland,QLD,22.9,22.9%,4.6,Cohabiting partner emotional abuse since age 15,自15岁以来经历同居伴侣情感虐待,Women aged 18 years and over,Since age 15,ABS PSS 2021–22 (released 15 Mar 2023),"Australian Bureau of Statistics, Personal Safety Survey 2021–22, Table 9.3; RSE Table 9.4",https://www.abs.gov.au/statistics/people/crime-and-justice/personal-safety-australia/latest-release
South Australia,SA,24.3,24.3%,5.6,Cohabiting partner emotional abuse since age 15,自15岁以来经历同居伴侣情感虐待,Women aged 18 years and over,Since age 15,ABS PSS 2021–22 (released 15 Mar 2023),"Australian Bureau of Statistics, Personal Safety Survey 2021–22, Table 9.3; RSE Table 9.4",https://www.abs.gov.au/statistics/people/crime-and-justice/personal-safety-australia/latest-release
Western Australia,WA,23.7,23.7%,5.8,Cohabiting partner emotional abuse since age 15,自15岁以来经历同居伴侣情感虐待,Women aged 18 years and over,Since age 15,ABS PSS 2021–22 (released 15 Mar 2023),"Australian Bureau of Statistics, Personal Safety Survey 2021–22, Table 9.3; RSE Table 9.4",https://www.abs.gov.au/statistics/people/crime-and-justice/personal-safety-australia/latest-release
Tasmania,TAS,28.3,28.3%,4.6,Cohabiting partner emotional abuse since age 15,自15岁以来经历同居伴侣情感虐待,Women aged 18 years and over,Since age 15,ABS PSS 2021–22 (released 15 Mar 2023),"Australian Bureau of Statistics, Personal Safety Survey 2021–22, Table 9.3; RSE Table 9.4",https://www.abs.gov.au/statistics/people/crime-and-justice/personal-safety-australia/latest-release
Northern Territory,NT,26.3,26.3%,8.4,Cohabiting partner emotional abuse since age 15,自15岁以来经历同居伴侣情感虐待,Women aged 18 years and over,Since age 15,ABS PSS 2021–22 (released 15 Mar 2023),"Australian Bureau of Statistics, Personal Safety Survey 2021–22, Table 9.3; RSE Table 9.4",https://www.abs.gov.au/statistics/people/crime-and-justice/personal-safety-australia/latest-release
Australian Capital Territory,ACT,21.3,21.3%,7.2,Cohabiting partner emotional abuse since age 15,自15岁以来经历同居伴侣情感虐待,Women aged 18 years and over,Since age 15,ABS PSS 2021–22 (released 15 Mar 2023),"Australian Bureau of Statistics, Personal Safety Survey 2021–22, Table 9.3; RSE Table 9.4",https://www.abs.gov.au/statistics/people/crime-and-justice/personal-safety-australia/latest-release
